{"playerName":"Mariana","playerAge":"22","dateTime":"31_03_2017_17_22_52","score":70,"failHits":3,"levelScore":[14,12,4,13,11,10,6],"levelFails":[0,0,3,0,0,0,0],"moles":[14,12,4,13,12,9,6],"rabbits":[0,0,7,0,0,0,5],"numClicks":75,"reactionCorrect":1.204986333847046,"reactionIncorrect":0.8089026808738709}