{"playerName":"Prueba2","playerAge":"22","dateTime":"31_03_2017_09_49_59","score":4,"failHits":0,"levelScore":[1,1,0,0,0,1,1],"levelFails":[0,0,0,0,0,0,0],"moles":[1,1,0,0,0,1,1],"rabbits":[0,0,0,0,0,0,0],"numClicks":4,"reactionCorrect":1.425368309020996,"reactionIncorrect":2.696539702293474e308}