{"playerName":"Mariana","playerAge":"22","dateTime":"31_03_2017_10_09_25","score":72,"failHits":4,"levelScore":[16,11,11,11,8,9,6],"levelFails":[0,0,2,0,0,0,2],"moles":[16,12,10,11,8,9,6],"rabbits":[0,0,3,0,0,0,6],"numClicks":81,"reactionCorrect":1.127440333366394,"reactionIncorrect":0.9298218488693237}