{"playerName":"Mariana","score":8,"failHits":1,"levelScore":[2,1,1,1,2,1,0],"levelFails":[0,0,0,0,0,0,1],"moles":[2,1,1,1,2,1,0],"rabbits":[0,0,0,0,0,0,1],"numClicks":9,"reactionCorrect":1.3690311908721924,"reactionIncorrect":1.4424854516983033}