{"playerName":"Mariana","score":0,"failHits":0,"levelScore":[0,0,0,0,0,0,0],"levelFails":[0,0,0,0,0,0,0],"moles":[2,2,0,1,2,1,1],"rabbits":[0,0,1,0,0,0,0],"numClicks":0,"reactionCorrect":1.778835654258728,"reactionIncorrect":2.696539702293474e308}