{"playerName":"","score":46,"failHits":1,"levelScore":[9,8,6,8,5,7,3],"levelFails":[0,0,0,0,0,0,1],"moles":[9,8,7,7,5,7,3],"rabbits":[0,0,1,0,0,0,1],"numClicks":48,"reactionCorrect":1.2950904369354249,"reactionIncorrect":1.1099666357040406}