{"playerName":"Emiliano","score":12,"failHits":0,"levelScore":[2,2,2,3,1,2,0],"levelFails":[0,0,0,0,0,0,0],"moles":[3,2,2,3,0,2,0],"rabbits":[0,0,0,0,0,0,0],"numClicks":13,"reactionCorrect":1.945247769355774,"reactionIncorrect":2.696539702293474e308}