{"playerName":"mARIANA pRADO","playerAge":"22","dateTime":"31_03_2017_09_23_31","score":38,"failHits":3,"levelScore":[8,9,3,5,3,5,5],"levelFails":[0,0,1,0,0,0,2],"moles":[9,8,3,5,3,5,5],"rabbits":[0,0,4,0,0,0,2],"numClicks":45,"reactionCorrect":1.3281667232513428,"reactionIncorrect":1.0504337549209595}{"playerName":"Prueba1","playerAge":"22","dateTime":"31_03_2017_09_48_36","score":6,"failHits":0,"levelScore":[1,0,1,1,1,0,2],"levelFails":[0,0,0,0,0,0,0],"moles":[1,0,1,1,1,1,1],"rabbits":[0,0,0,0,0,0,0],"numClicks":6,"reactionCorrect":1.4326542615890504,"reactionIncorrect":2.696539702293474e308}{"playerName":"Prueba2","playerAge":"22","dateTime":"31_03_2017_09_49_59","score":4,"failHits":0,"levelScore":[1,1,0,0,0,1,1],"levelFails":[0,0,0,0,0,0,0],"moles":[1,1,0,0,0,1,1],"rabbits":[0,0,0,0,0,0,0],"numClicks":4,"reactionCorrect":1.425368309020996,"reactionIncorrect":2.696539702293474e308}{"playerName":"Mariana","playerAge":"22","dateTime":"31_03_2017_10_09_25","score":72,"failHits":4,"levelScore":[16,11,11,11,8,9,6],"levelFails":[0,0,2,0,0,0,2],"moles":[16,12,10,11,8,9,6],"rabbits":[0,0,3,0,0,0,6],"numClicks":81,"reactionCorrect":1.127440333366394,"reactionIncorrect":0.9298218488693237}