{"playerName":"","score":4,"failHits":0,"levelScore":[1,1,1,1],"levelFails":[0,0,0,0],"moles":[2,0,1,1],"rabbits":[0,0,0,0],"numClicks":4,"reactionCorrect":1.4605826139450074,"reactionIncorrect":2.696539702293474e308}