{"playerName":"Mariana","score":10,"failHits":1,"levelScore":[2,1,1,2,1,2,1],"levelFails":[0,0,1,0,0,0,0],"moles":[2,1,1,2,1,2,1],"rabbits":[0,0,1,0,0,0,0],"numClicks":11,"reactionCorrect":1.2082507610321046,"reactionIncorrect":0.9998995065689087}