{"playerName":"Renata","score":6,"failHits":1,"levelScore":[0,2,1,0,1,1,1],"levelFails":[0,0,1,0,0,0,0],"moles":[2,1,0,1,0,2,0],"rabbits":[0,0,2,0,0,0,2],"numClicks":8,"reactionCorrect":2.728957176208496,"reactionIncorrect":1.8173667192459107}