{"playerName":"Mariana","score":5,"failHits":0,"levelScore":[2,2,1,0,0,0,0],"levelFails":[0,0,0,0,0,0,0],"moles":[2,3,1,0,2,0,2],"rabbits":[0,0,1,0,0,0,0],"numClicks":5,"reactionCorrect":1.778835654258728,"reactionIncorrect":2.696539702293474e308}